City_ID,City,Lat,Lng,Max Temp,Humidity,Cloudiness,Wind Speed,Country,Date
0,gushikawa,26.3544,127.8686,16.57,77,100,0.0,JP,1675452254
1,port macquarie,-31.4333,152.9167,19.94,48,0,6.16,AU,1675452255
2,la palma,33.8464,-118.0467,22.5,37,40,2.06,US,1675452256
3,ushuaia,-54.8,-68.3,10.81,87,75,12.86,AR,1675452111
4,butaritari,3.0707,172.7902,27.38,76,4,8.96,KI,1675452259
5,tuktoyaktuk,69.4541,-133.0374,-42.0,66,20,0.0,CA,1675452261
6,humaita,-7.5061,-63.0208,29.07,72,99,1.31,BR,1675452261
7,bethel,41.3712,-73.414,-5.8,34,75,7.72,US,1675452262
8,ust-kan,50.9276,84.761,-7.28,96,100,0.94,RU,1675452263
9,kapaa,22.0752,-159.319,22.99,94,100,10.8,US,1675452264
10,ostrovnoy,68.0531,39.5131,-13.06,94,99,3.72,RU,1675452264
11,vojens,55.2464,9.306,5.73,81,75,3.6,DK,1675452265
12,port elizabeth,-33.918,25.5701,23.94,89,75,4.63,ZA,1675452266
13,camapua,-19.5314,-54.0439,27.2,80,100,3.86,BR,1675452267
14,basoko,1.2391,23.616,27.02,56,74,0.62,CD,1675452267
15,puerto ayora,-0.7393,-90.3518,29.98,82,61,5.36,EC,1675452269
16,stolin,51.8912,26.846,-2.72,80,100,2.05,BY,1675452269
17,qaanaaq,77.484,-69.3632,-18.68,64,40,3.27,GL,1675452270
18,cherskiy,68.75,161.3,-27.96,100,100,0.3,RU,1675452271
19,busselton,-33.65,115.3333,19.67,60,0,6.65,AU,1675452271
20,nizhniy kuranakh,58.8353,125.4869,-16.19,95,100,2.5,RU,1675452272
21,fort-shevchenko,44.5086,50.263,1.32,95,100,10.1,KZ,1675452273
22,khandagayty,50.7333,92.05,-23.09,98,100,1.44,RU,1675452273
23,shihezi,44.3,86.0333,-10.95,95,97,1.26,CN,1675452274
24,mpanda,-6.3655,31.0409,18.66,96,98,0.31,TZ,1675452275
25,carnarvon,-24.8667,113.6333,26.08,77,11,3.09,AU,1675452275
26,new norfolk,-42.7826,147.0587,13.72,85,100,0.45,AU,1675452276
27,batemans bay,-35.7167,150.1833,10.82,68,0,2.69,AU,1675452277
28,vaini,-21.2,-175.2,24.09,94,75,4.63,TO,1675452278
29,castro,-24.7911,-50.0119,19.55,96,100,4.11,BR,1675452278
30,fort nelson,58.8053,-122.7002,-17.25,73,75,0.89,CA,1675452279
31,chuy,-33.6971,-53.4616,20.59,86,100,5.37,UY,1675452280
32,port alfred,-33.5906,26.891,22.32,85,57,1.79,ZA,1675452280
33,bengkulu,-3.8004,102.2655,24.16,89,100,2.68,ID,1675452281
34,phan thiet,10.9333,108.1,22.82,82,93,3.28,VN,1675452282
35,leningradskiy,69.3833,178.4167,-33.2,100,100,0.84,RU,1675452282
36,punta arenas,-53.15,-70.9167,19.06,45,40,15.43,CL,1675452283
37,maldonado,-34.6667,-54.9167,22.66,82,100,5.71,UY,1675452283
38,mantua,45.1667,10.7833,4.58,80,89,4.48,IT,1675452187
39,avarua,-21.2078,-159.775,28.03,78,52,6.69,CK,1675452284
40,dikson,73.5069,80.5464,-15.54,95,100,0.5,RU,1675452285
41,katsuura,35.1333,140.3,7.04,79,100,4.0,JP,1675452285
42,victoria,22.2855,114.1577,18.03,84,94,4.92,HK,1675452196
43,hobart,-42.8794,147.3294,13.92,83,75,5.66,AU,1675452180
44,alma,48.5501,-71.6491,-28.83,74,100,8.11,CA,1675452232
45,tuatapere,-46.1333,167.6833,18.56,86,8,2.07,NZ,1675452287
46,pafos,34.7667,32.4167,9.88,87,75,3.09,CY,1675452287
47,georgetown,5.4112,100.3354,25.53,99,20,1.03,MY,1675452124
48,lillesand,58.2488,8.3778,1.05,80,75,3.09,NO,1675452289
49,vostok,46.4856,135.8833,-24.2,99,98,2.21,RU,1675452054
50,shubarshi,48.5872,57.1869,-10.1,81,100,3.96,KZ,1675452290
51,lerwick,60.1545,-1.1494,6.0,81,100,3.76,GB,1675452291
52,nikolskoye,59.7035,30.7861,-3.45,96,100,2.35,RU,1675452291
53,narsaq,60.9167,-46.05,-8.88,78,100,4.81,GL,1675452292
54,ginda,30.6945,78.4932,7.88,35,6,3.44,IN,1675452293
55,bluff,-46.6,168.3333,16.11,96,10,1.08,NZ,1675452294
56,sioux lookout,50.1001,-91.917,-22.96,54,100,4.12,CA,1675452295
57,mar del plata,-38.0023,-57.5575,23.86,66,40,6.17,AR,1675452235
58,shwebo,22.5667,95.7,21.79,57,74,1.67,MM,1675452296
59,bredasdorp,-34.5322,20.0403,19.29,72,0,4.46,ZA,1675452297
60,tiksi,71.6872,128.8694,-36.35,100,84,0.84,RU,1675452298
61,tsiroanomandidy,-18.7667,46.0333,20.27,97,100,1.45,MG,1675452298
62,baiyin,36.5583,104.2081,-2.98,33,0,0.65,CN,1675452299
63,port lincoln,-34.7333,135.8667,14.39,73,26,3.72,AU,1675452299
64,ola,59.5833,151.2833,-22.53,89,22,3.47,RU,1675452300
65,atuona,-9.8,-139.0333,25.86,79,17,8.52,PF,1675452301
66,rikitea,-23.1203,-134.9692,25.7,72,98,3.85,PF,1675452302
67,norman wells,65.282,-126.8329,-33.98,68,75,1.03,CA,1675452303
68,thompson,55.7435,-97.8558,-23.91,70,100,3.09,CA,1675452304
69,khatanga,71.9667,102.5,-35.01,100,81,1.55,RU,1675452305
70,cape town,-33.9258,18.4232,20.23,75,0,7.72,ZA,1675452094
71,ancud,-41.8697,-73.8203,21.8,63,1,2.18,CL,1675452306
72,san vicente,-26.6167,-54.1333,23.56,86,100,1.4,AR,1675452306
73,cidreira,-30.1811,-50.2056,25.43,82,100,1.83,BR,1675452307
74,rassvet,46.8333,40.75,1.0,97,100,5.07,RU,1675452308
75,santa barbara,34.7333,-120.0343,16.83,47,99,1.3,US,1675451969
76,roald,62.5833,6.1333,2.09,74,0,5.14,NO,1675452309
77,banda aceh,5.5577,95.3222,25.12,85,100,2.79,ID,1675452310
78,puerto escondido,15.85,-97.0667,29.46,61,20,3.09,MX,1675452310
79,salalah,17.0151,54.0924,24.05,69,75,0.51,OM,1675452311
80,macomb,40.4592,-90.6718,-9.53,47,0,1.34,US,1675452138
81,saskylakh,71.9167,114.0833,-40.21,100,71,1.69,RU,1675452313
82,bathsheba,13.2167,-59.5167,28.34,61,20,8.23,BB,1675452313
83,henties bay,-22.116,14.2845,18.1,83,26,2.55,NA,1675452314
84,kahului,20.8947,-156.47,26.09,77,20,3.58,US,1675452315
85,ilulissat,69.2167,-51.1,-12.99,66,75,3.09,GL,1675452317
86,mataura,-46.1927,168.8643,17.12,94,20,1.35,NZ,1675452317
87,barrow,71.2906,-156.7887,-26.99,83,0,8.23,US,1675452318
88,ginir,7.1333,40.7,17.15,22,1,2.75,ET,1675452320
89,mwinilunga,-11.7358,24.4293,18.38,88,99,0.41,ZM,1675452321
90,laguna,38.421,-121.4238,12.79,79,100,1.54,US,1675452323
91,kaspiysk,42.8816,47.6392,-0.9,93,100,3.0,RU,1675452324
92,saryg-sep,51.5,95.6,-25.96,99,100,1.28,RU,1675452325
93,upernavik,72.7868,-56.1549,-25.58,100,99,2.88,GL,1675452326
94,markala,13.7021,-6.0659,27.75,12,11,4.31,ML,1675452326
95,san quintin,30.4833,-115.95,17.85,37,100,1.9,MX,1675452327
96,skrunda,56.6833,22.0167,-2.07,80,100,2.05,LV,1675452328
97,acari,-15.4311,-74.6158,28.31,65,73,5.37,PE,1675452329
98,albany,42.6001,-73.9662,-12.65,43,50,4.02,US,1675452164
99,alofi,-19.0595,-169.9187,22.94,100,100,2.57,NU,1675452331
100,byron bay,-28.65,153.6167,24.36,83,64,2.91,AU,1675452332
101,namatanai,-3.6667,152.4333,26.39,81,100,1.81,PG,1675452333
102,hastings,50.8552,0.5729,10.29,50,79,4.55,GB,1675452286
103,sola,-13.8833,167.55,27.97,72,27,2.21,VU,1675452334
104,lata,40.1629,-8.3327,9.49,74,0,0.99,PT,1675452334
105,altamont,42.2068,-121.7372,6.05,59,75,11.83,US,1675452335
106,saint-augustin,51.226,-58.6502,-1.66,97,100,7.9,CA,1675452336
107,arys,42.4252,68.795,3.94,96,100,3.45,KZ,1675452336
108,satipo,-11.2522,-74.6386,24.24,95,100,1.04,PE,1675452337
109,hilo,19.7297,-155.09,26.82,78,40,2.24,US,1675452337
110,bambous virieux,-20.3428,57.7575,26.14,89,75,3.09,MU,1675452338
111,juneau,58.3019,-134.4197,1.72,100,75,1.54,US,1675452115
112,lebu,-37.6167,-73.65,21.32,58,0,9.77,CL,1675452339
113,shakawe,-18.3667,21.85,21.61,88,100,1.83,BW,1675452340
114,baruun-urt,46.6806,113.2792,-18.9,85,5,3.03,MN,1675452341
115,olafsvik,64.8945,-23.7142,3.77,75,100,17.91,IS,1675452342
116,port hardy,50.6996,-127.4199,8.1,76,75,8.23,CA,1675452342
117,saint anthony,45.0205,-93.218,-17.09,56,100,4.63,US,1675452343
118,borovskiy,57.041,65.7202,-12.78,95,42,1.72,RU,1675452344
119,riyadh,24.6877,46.7219,13.08,46,0,3.11,SA,1675452295
120,zhezkazgan,47.8043,67.7144,-7.95,96,100,3.88,KZ,1675452345
121,montrose,38.4166,-108.2673,-1.97,61,98,0.45,US,1675452345
122,muroto,33.2833,134.15,9.58,70,100,1.66,JP,1675452346
123,yazd,31.8972,54.3675,9.06,29,0,3.09,IR,1675452346
124,shingu,33.7333,135.9833,3.6,58,100,2.43,JP,1675452347
125,poya,-21.35,165.15,25.55,89,52,1.88,NC,1675452348
126,nanortalik,60.1432,-45.2371,-7.61,74,100,15.18,GL,1675452348
127,tasiilaq,65.6145,-37.6368,-3.91,73,100,5.24,GL,1675452349
128,jamestown,42.097,-79.2353,-12.38,83,100,5.66,US,1675452350
129,longyearbyen,78.2186,15.6401,-14.09,66,20,3.09,SJ,1675452215
130,yellowknife,62.456,-114.3525,-26.71,69,40,2.06,CA,1675452140
131,eirunepe,-6.6603,-69.8736,23.96,93,100,1.25,BR,1675452352
132,rio grande,-32.035,-52.0986,29.06,71,44,5.11,BR,1675452346
133,san patricio,28.017,-97.5169,14.37,58,0,3.93,US,1675452353
134,hailar,49.2,119.7,-24.2,100,100,2.67,CN,1675452354
135,caborca,30.5838,-111.101,20.0,17,99,3.18,MX,1675452355
136,gobabis,-22.45,18.9667,23.89,59,51,2.35,NA,1675452356
137,severodvinsk,64.5635,39.8302,-4.94,97,100,1.52,RU,1675452100
138,hermanus,-34.4187,19.2345,19.89,67,0,6.41,ZA,1675452357
139,xique-xique,-10.8218,-42.7263,30.88,49,64,2.29,BR,1675452358
140,trincomalee,8.5711,81.2335,25.93,84,14,3.46,LK,1675452358
141,ponta do sol,32.6667,-17.1,16.51,61,68,3.14,PT,1675452359
142,kodiak,57.79,-152.4072,-1.27,80,75,1.54,US,1675452359
143,ambulu,-8.345,113.6058,24.42,90,100,1.43,ID,1675452360
144,saint-georges,12.0564,-61.7485,28.82,65,20,12.35,GD,1675452290
145,kaitangata,-46.2817,169.8464,16.09,96,24,1.11,NZ,1675452361
146,taoudenni,22.6783,-3.9836,16.21,23,100,4.44,ML,1675452362
147,karera,25.4667,78.15,15.94,34,0,1.41,IN,1675452362
148,torbay,47.6666,-52.7314,0.32,96,100,16.98,CA,1675452363
149,pernik,42.6,23.0333,-1.17,76,37,1.99,BG,1675452364
150,comodoro rivadavia,-45.8667,-67.5,32.92,18,0,4.12,AR,1675452365
151,sorgun,39.8101,35.186,-3.38,85,100,1.56,TR,1675452367
152,hasaki,35.7333,140.8333,2.9,63,100,5.74,JP,1675452368
153,namibe,-15.1961,12.1522,22.49,77,100,3.2,AO,1675452368
154,miraflores,19.2167,-98.8083,18.42,41,23,3.02,MX,1675452369
155,preeceville,51.95,-102.6677,-16.28,94,100,5.66,CA,1675452370
156,hofn,64.2539,-15.2082,7.46,98,100,11.34,IS,1675452371
157,havelock,34.8791,-76.9013,8.32,64,100,5.66,US,1675452372
158,dakar,14.6937,-17.4441,25.49,68,100,4.12,SN,1675452087
159,taunggyi,20.7833,97.0333,14.16,64,49,1.2,MM,1675452374
160,dingle,10.9995,122.6711,22.8,95,100,3.67,PH,1675452374
161,plattsburgh,44.6995,-73.4529,-22.5,45,75,7.2,US,1675452375
162,rawson,-43.3002,-65.1023,34.16,21,0,5.66,AR,1675452375
163,polunochnoye,60.8697,60.4153,-13.57,97,100,0.82,RU,1675452376
164,eugene,44.0521,-123.0867,11.01,75,100,6.26,US,1675452162
165,muros,42.7762,-9.0603,9.49,86,0,2.32,ES,1675452377
166,champoton,19.35,-90.7167,25.69,73,77,5.36,MX,1675452133
167,diban,35.0365,40.5167,9.78,48,17,4.07,SY,1675452380
168,ternate,0.8,127.4,25.48,82,100,2.17,ID,1675452380
169,east london,-33.0153,27.9116,23.59,77,95,4.97,ZA,1675452381
170,nome,64.5011,-165.4064,-20.47,84,100,0.0,US,1675452382
171,codrington,-38.2667,141.9667,14.55,82,100,8.51,AU,1675452383
172,kobryn,52.2138,24.3564,-1.03,77,100,3.6,BY,1675452384
173,honiara,-9.4333,159.95,25.16,86,80,1.44,SB,1675452384
174,bom jesus,-9.0744,-44.3586,31.48,48,100,2.16,BR,1675452277
175,chatellerault,46.8,0.5333,7.53,61,11,1.84,FR,1675452385
176,thinadhoo,0.5333,72.9333,27.47,68,97,7.47,MV,1675452386
177,tautira,-17.7333,-149.15,27.02,79,100,8.51,PF,1675452387
178,hithadhoo,-0.6,73.0833,27.88,67,98,8.58,MV,1675452388
179,mahebourg,-20.4081,57.7,26.16,89,75,3.09,MU,1675452389
180,hambantota,6.1241,81.1185,24.55,89,38,4.76,LK,1675452390
181,saint-philippe,-21.3585,55.7679,25.77,87,100,5.26,RE,1675452392
182,tilichiki,60.4667,166.1,-22.11,96,91,4.07,RU,1675452392
183,santa cruz de la palma,28.6835,-17.7642,18.08,63,20,1.54,ES,1675452393
184,hobyo,5.3505,48.5268,24.97,69,7,8.19,SO,1675452393
185,camacha,33.0833,-16.3333,14.68,55,20,4.63,PT,1675452394
186,omsukchan,62.5333,155.8,-30.85,100,100,1.91,RU,1675452395
187,alta floresta,-9.8756,-56.0861,24.9,100,40,1.03,BR,1675452395
188,luderitz,-26.6481,15.1594,18.83,74,0,7.92,NA,1675452396
189,kholodnyy,62.7167,147.95,-35.51,100,99,0.54,RU,1675452396
190,pisco,-13.7,-76.2167,28.03,61,0,6.69,PE,1675452283
191,panjab,34.388,67.0233,-6.06,96,100,1.43,AF,1675452398
192,severo-kurilsk,50.6789,156.125,-3.11,77,100,4.07,RU,1675452398
193,serenje,-13.2325,30.2352,17.13,96,100,1.92,ZM,1675452399
194,manchester,53.4809,-2.2374,10.77,79,100,2.57,GB,1675451969
195,beringovskiy,63.05,179.3167,-25.13,95,93,5.99,RU,1675452400
196,maple creek,49.9168,-109.4848,9.23,45,46,7.2,CA,1675452401
197,mirpur sakro,24.5474,67.6277,20.1,57,0,3.79,PK,1675452401
198,iqaluit,63.7506,-68.5145,-34.06,60,20,10.29,CA,1675452402
199,bilma,18.6853,12.9164,22.92,12,47,3.95,NE,1675452403
200,klaksvik,62.2266,-6.589,8.51,97,100,14.12,FO,1675452403
201,nemuro,43.3236,145.575,-8.83,78,34,2.29,JP,1675452404
202,saldanha,-33.0117,17.9442,18.03,82,0,9.28,ZA,1675452405
203,ribeira grande,38.5167,-28.7,16.54,88,75,5.81,PT,1675452406
204,havre-saint-pierre,50.2334,-63.5986,-15.0,78,100,10.8,CA,1675452407
205,valentin gomez farias,28.2167,-106.5833,11.51,31,0,6.19,MX,1675452407
206,srednekolymsk,67.45,153.6833,-26.14,99,100,2.93,RU,1675452408
207,atambua,-9.1061,124.8925,22.38,96,100,2.18,ID,1675452409
208,strezhevoy,60.7333,77.5889,-6.16,92,100,2.6,RU,1675452409
209,komsomolskiy,40.4272,71.7189,5.4,87,40,2.06,UZ,1675452410
210,kargat,55.1956,80.2811,-21.74,100,91,1.95,RU,1675452410
211,lompoc,34.6391,-120.4579,19.45,47,75,1.54,US,1675452205
212,sheridan,44.8333,-106.9173,8.21,52,0,1.54,US,1675452411
213,papara,-3.9839,-38.7273,30.22,54,100,3.33,BR,1675452412
214,yingcheng,30.95,113.55,4.81,63,6,2.35,CN,1675452413
215,mangrol,21.1167,70.1167,21.15,36,0,4.01,IN,1675452413
216,marang,5.2056,103.2059,25.95,90,59,2.95,MY,1675452414
217,cabo san lucas,22.8909,-109.9124,27.56,38,0,1.54,MX,1675452415
218,coquimbo,-29.9533,-71.3436,20.85,68,75,5.14,CL,1675451935
219,arraial do cabo,-22.9661,-42.0278,29.92,58,40,7.72,BR,1675452416
220,souillac,-20.5167,57.5167,26.21,89,75,3.09,MU,1675452417
221,sebinkarahisar,40.2883,38.4236,-6.42,80,69,1.97,TR,1675452417
222,tam ky,15.5667,108.4833,21.33,92,94,1.23,VN,1675452418
223,tangara,-6.1994,-35.8017,32.28,43,93,6.72,BR,1675452419
224,pericos,25.05,-107.7,30.2,14,29,1.51,MX,1675452419
225,villamontes,-21.25,-63.5,30.1,41,100,2.93,BO,1675452421
226,samsun,41.25,36.3333,4.42,65,75,2.57,TR,1675452422
227,vestmannaeyjar,63.4427,-20.2734,5.16,74,100,14.25,IS,1675452423
228,skjervoy,70.0311,20.9714,-8.0,58,100,4.04,NO,1675452424
229,gherla,47.0333,23.9167,0.39,97,100,2.45,RO,1675452424
230,puri,19.8,85.85,18.29,56,16,1.18,IN,1675452425
231,tulum,20.2167,-87.4667,27.87,58,67,2.38,MX,1675452258
232,harbour breton,47.4833,-55.7983,2.3,97,100,16.69,CA,1675452426
233,bezenchuk,52.982,49.4333,-5.91,97,100,2.21,RU,1675452427
234,semey,50.4111,80.2275,-10.75,96,98,2.87,KZ,1675452427
235,kulhudhuffushi,6.6221,73.07,24.53,90,100,5.19,MV,1675452428
236,avera,33.194,-82.5271,15.31,43,0,4.83,US,1675452429
237,jackson,42.4165,-122.8345,12.99,45,100,8.23,US,1675452174
238,cobija,-11.0267,-68.7692,24.1,94,75,4.12,BO,1675452430
239,touros,-5.1989,-35.4608,28.98,61,30,6.87,BR,1675452431
240,wukari,7.85,9.7833,30.79,15,37,2.92,NG,1675452431
241,kaniama,-7.5667,24.1833,20.62,91,78,1.2,CD,1675452432
242,pizhanka,57.4604,48.542,-7.58,97,100,2.7,RU,1675452433
243,geraldton,-28.7667,114.6,28.23,30,99,5.66,AU,1675452434
244,smiths falls,44.9001,-76.0161,-22.79,72,100,5.97,CA,1675452435
245,kieta,-6.2167,155.6333,26.06,84,100,0.96,PG,1675452436
246,isabela,6.7085,121.9711,25.01,81,100,1.05,PH,1675452437
247,lagoa,39.05,-27.9833,15.43,80,100,5.94,PT,1675452437
248,cap malheureux,-19.9842,57.6142,25.26,83,14,2.68,MU,1675452438
249,bowen,-20.0167,148.2333,26.45,86,100,3.44,AU,1675452439
250,esperance,-33.8667,121.9,15.8,80,100,3.82,AU,1675452376
251,dhidhdhoo,6.8833,73.1,24.54,88,100,4.76,MV,1675452440
252,hornepayne,49.2138,-84.7705,-23.68,81,100,4.69,CA,1675452441
253,khorixas,-20.3667,14.9667,23.54,40,100,7.06,NA,1675452441
254,koutsouras,35.0339,25.9469,10.62,72,12,6.23,GR,1675452443
255,hervey bay,-25.2986,152.8535,26.59,87,25,5.07,AU,1675452444
256,burnie,-41.0667,145.9167,12.48,88,100,4.31,AU,1675452445
257,chokurdakh,70.6333,147.9167,-24.23,98,100,1.45,RU,1675452445
258,margate,51.3813,1.3862,9.83,80,13,2.68,GB,1675452446
259,adrar,20.5022,-10.0711,17.77,9,100,5.11,MR,1675452447
260,cukai,4.25,103.4167,25.97,92,38,2.84,MY,1675452448
261,matara,5.9485,80.5353,23.55,93,31,2.44,LK,1675452449
262,mount isa,-20.7333,139.5,20.87,49,100,6.17,AU,1675452451
263,east foothills,37.3811,-121.8175,12.29,80,100,4.12,US,1675452452
264,lacombe,52.4668,-113.7353,0.3,80,20,1.84,CA,1675452453
265,vershino-shakhtaminskiy,51.3012,117.8868,-27.92,99,45,1.67,RU,1675452454
266,uppsala,60.0,17.75,-2.31,74,100,5.66,SE,1675452424
267,sao francisco de paula,-29.4481,-50.5836,19.27,98,100,1.34,BR,1675452455
268,mwene-ditu,-7.0,23.45,19.01,94,100,1.95,CD,1675452456
269,grindavik,63.8424,-22.4338,4.97,87,75,19.55,IS,1675452456
270,kerema,-7.9631,145.7785,24.26,95,100,1.51,PG,1675452457
271,beaune,47.0833,4.75,5.35,89,100,2.31,FR,1675452458
272,cayenne,4.9333,-52.3333,28.02,74,75,7.72,GF,1675452430
273,ixtapa,20.7,-105.2,23.57,69,0,4.12,MX,1675452459
274,kortkeros,61.8106,51.5806,-7.0,97,100,1.3,RU,1675452460
275,young,-32.6833,-57.6333,27.53,46,90,5.72,UY,1675452460
276,viedma,-40.8135,-62.9967,31.46,26,0,4.89,AR,1675452541
277,broome,42.2506,-75.833,-12.43,70,100,7.2,US,1675452542
278,glenwood springs,39.5505,-107.3248,7.57,47,100,4.63,US,1675452543
279,weinan,34.5036,109.5089,4.51,54,100,1.2,CN,1675452543
280,manaure,11.7751,-72.4445,29.94,46,10,10.66,CO,1675452544
281,gombong,-7.6072,109.5142,25.16,90,100,1.28,ID,1675452545
282,novovasylivka,46.8315,35.7536,0.37,84,6,0.85,UA,1675452545
283,arroyo,41.6096,-4.7969,7.0,65,0,1.54,ES,1675452546
284,vrangel,42.7297,133.0839,-8.76,56,100,2.52,RU,1675452546
285,xining,36.6167,101.7667,-4.39,49,0,1.04,CN,1675452547
286,sitka,57.0531,-135.33,3.94,93,75,0.0,US,1675452548
287,okhotsk,59.3833,143.3,-25.1,85,33,5.18,RU,1675452548
288,washington terrace,41.1727,-111.9766,2.79,59,0,3.6,US,1675452549
289,tupik,54.4253,119.9327,-32.12,100,99,0.5,RU,1675452550
290,northam,51.0333,-4.2167,9.1,95,92,4.21,GB,1675452551
291,anadyr,64.75,177.4833,-20.72,71,0,2.0,RU,1675452552
292,vagur,61.4732,-6.8119,7.78,93,100,11.16,FO,1675452553
293,sorland,67.667,12.6934,2.92,69,36,5.71,NO,1675452472
294,tocopilla,-22.092,-70.1979,23.71,75,28,2.53,CL,1675452554
295,saint george,37.1041,-113.5841,10.8,38,0,2.06,US,1675452454
296,mega,4.05,38.3,20.31,29,0,4.85,ET,1675452555
297,daru,-9.0763,143.2092,25.38,85,100,5.2,PG,1675452556
298,dunedin,-45.8742,170.5036,18.26,83,3,0.39,NZ,1675452557
299,yarim,14.298,44.3779,13.63,34,38,2.49,YE,1675452557
300,darhan,49.4867,105.9228,-23.6,98,7,1.93,MN,1675452558
301,gigmoto,13.7796,124.39,24.92,84,74,6.63,PH,1675452558
302,madaoua,14.073,5.96,26.63,15,31,3.32,NE,1675452559
303,zima,53.9202,102.0442,-22.97,100,100,0.75,RU,1675452559
304,udachnyy,66.4167,112.4,-29.2,74,99,1.39,RU,1675452560
305,chaumont,48.1167,5.1333,6.32,88,100,2.9,FR,1675452560
306,maceio,-9.6658,-35.7353,29.69,61,20,7.2,BR,1675452407
307,veraval,20.9,70.3667,21.73,39,0,3.33,IN,1675452561
308,kupang,-10.1667,123.5833,25.09,91,100,5.98,ID,1675452562
309,emmen,52.7792,6.9069,7.72,86,100,4.92,NL,1675452263
310,bereda,43.2686,-7.5406,2.86,100,0,0.79,ES,1675452563
311,imbituba,-28.24,-48.6703,25.18,88,100,0.93,BR,1675452563
312,meulaboh,4.1363,96.1285,24.5,88,91,0.94,ID,1675452564
313,samarai,-10.6167,150.6667,27.7,79,100,3.2,PG,1675452565
314,paamiut,61.994,-49.6678,-11.15,93,100,4.95,GL,1675452565
315,bajos de haina,18.4154,-70.0332,29.98,75,40,5.14,DO,1675452287
316,tigil,57.8,158.6667,-28.65,100,75,1.13,RU,1675452567
317,hovd,48.0056,91.6419,-16.66,87,100,0.51,MN,1675452568
318,te anau,-45.4167,167.7167,16.96,94,13,0.52,NZ,1675452568
319,collie,-33.3667,116.15,16.66,68,0,3.98,AU,1675452569
320,palmerston,-12.486,130.9833,23.99,83,75,5.66,AU,1675452570
321,makakilo city,21.3469,-158.0858,25.34,74,20,3.6,US,1675452570
322,lorengau,-2.0226,147.2712,26.99,74,100,0.32,PG,1675452571
323,salinas,36.6777,-121.6555,14.05,66,75,5.66,US,1675452412
324,batticaloa,7.7102,81.6924,25.31,82,6,1.41,LK,1675452573
325,fairbanks,64.8378,-147.7164,-13.02,85,100,0.0,US,1675452496
326,krasnoselkup,65.7,82.4667,-13.05,97,97,2.36,RU,1675452575
327,sur,22.5667,59.5289,21.05,62,0,2.73,OM,1675452575
328,ibra,22.6906,58.5334,20.01,47,0,2.22,OM,1675452576
329,atar,20.5169,-13.0499,21.5,10,100,5.0,MR,1675452577
330,skibbereen,51.55,-9.2667,10.62,88,100,6.12,IE,1675452578
331,concordia,-31.393,-58.0209,28.04,56,75,6.26,AR,1675452578
332,port hawkesbury,45.6169,-61.3485,-3.79,91,100,8.49,CA,1675452579
333,tateyama,34.9833,139.8667,5.61,84,100,3.81,JP,1675452579
334,killybegs,54.6333,-8.45,9.84,83,100,5.36,IE,1675452580
335,colares,38.7992,-9.4469,14.55,65,0,3.13,PT,1675452580
336,danielskuil,-28.1887,23.5395,22.55,48,49,5.18,ZA,1675452581
337,bandarbeyla,9.4942,50.8122,23.83,68,84,8.69,SO,1675452582
338,stupava,48.2747,17.0317,6.49,83,40,7.72,SK,1675452582
339,banyo,6.75,11.8167,23.67,21,18,1.08,CM,1675452583
340,pacific grove,36.6177,-121.9166,13.01,90,100,2.06,US,1675452414
341,maragogi,-9.0122,-35.2225,28.09,62,93,4.36,BR,1675452584
342,palmer,42.1584,-72.3287,-8.53,28,40,9.26,US,1675452585
343,yar-sale,66.8333,70.8333,-11.04,95,100,2.61,RU,1675452586
344,santiago de las vegas,22.97,-82.3869,30.79,40,20,3.6,CU,1675452587
345,san policarpo,12.1791,125.5072,25.84,84,100,7.37,PH,1675452587
346,balakhta,55.38,91.6,-25.65,100,100,0.32,RU,1675452588
347,inhambane,-23.865,35.3833,25.99,78,20,4.63,MZ,1675452588
348,gangoh,29.7667,77.25,11.85,64,5,3.11,IN,1675452589
349,airai,-8.9266,125.4092,15.31,97,100,1.48,TL,1675452590
350,deer lake,49.1667,-57.4316,0.92,100,100,6.69,CA,1675452590
351,nalut,30.3333,10.85,12.76,37,5,6.59,LY,1675452591
352,padilla,3.2204,-76.3139,29.76,54,97,0.97,CO,1675452591
353,tall kayf,37.0833,41.0667,4.19,57,53,1.46,TR,1675452592
354,valdobbiadene,45.8993,11.9946,7.95,78,43,1.32,IT,1675452593
355,aleksandrov,56.4,38.71,-2.53,96,100,3.67,RU,1675452593
356,xuddur,4.1213,43.8894,25.78,33,65,4.95,SO,1675452336
357,veinticinco de mayo,-35.4323,-60.1727,27.21,50,100,3.13,AR,1675452595
358,bilibino,68.0546,166.4372,-26.26,97,17,3.02,RU,1675452596
359,san juan de los morros,9.9115,-67.3538,32.52,28,2,3.18,VE,1675452597
360,dongzhen,22.3797,110.9389,19.18,89,100,0.49,CN,1675452597
361,manga,11.6636,-1.0731,30.91,16,70,2.62,BF,1675452598
362,vredendal,-31.6683,18.5012,18.59,75,0,3.79,ZA,1675452598
363,llangefni,53.2556,-4.3106,10.41,93,100,5.66,GB,1675452599
364,nouadhibou,20.931,-17.0347,21.99,33,100,3.6,MR,1675452600
365,port-gentil,-0.7193,8.7815,27.98,83,40,2.57,GA,1675452481
366,tabou,4.423,-7.3528,26.46,85,57,2.94,CI,1675452602
367,tual,-5.6667,132.75,27.63,80,100,7.94,ID,1675452603
368,hualmay,-11.0964,-77.6139,24.55,74,94,4.47,PE,1675452604
369,rio claro,-22.4114,-47.5614,23.4,88,94,2.81,BR,1675452607
370,puerto colombia,10.9878,-74.9547,30.05,70,28,7.72,CO,1675452608
371,mayo,38.8876,-76.5119,0.27,33,0,7.72,US,1675452609
372,ulaangom,49.9811,92.0667,-26.61,96,100,0.87,MN,1675452610
373,terney,45.0503,136.6092,-14.8,81,44,3.3,RU,1675452610
374,asfi,32.2994,-9.2372,13.69,58,0,2.04,MA,1675452611
375,normandin,48.8333,-72.5321,-29.83,52,100,9.77,CA,1675452612
376,cururupu,-1.8283,-44.8683,25.87,88,16,2.53,BR,1675452613
377,kruisfontein,-34.0033,24.7314,22.71,81,45,4.67,ZA,1675452613
378,choix,26.7092,-108.3219,28.98,15,0,2.41,MX,1675452615
379,bonthe,7.5264,-12.505,26.3,84,2,4.32,SL,1675452616
380,trairi,-3.2778,-39.2689,27.84,67,57,5.18,BR,1675452617
381,clyde river,70.4692,-68.5914,-29.87,69,75,4.12,CA,1675452619
382,xinyu,27.8043,114.9334,6.03,93,100,1.89,CN,1675452620
383,yamada,39.4667,141.95,-3.5,72,76,1.87,JP,1675452621
384,huzhou,30.8703,120.0933,4.19,85,100,2.41,CN,1675452622
385,kavieng,-2.5744,150.7967,27.4,76,100,2.56,PG,1675452623
386,urengoy,65.9667,78.3667,-11.79,97,98,2.55,RU,1675452624
387,navirai,-23.065,-54.1906,24.32,89,100,2.89,BR,1675452624
388,campbell river,50.0163,-125.2446,7.21,87,100,3.6,CA,1675452625
389,synya,65.3718,58.0387,-10.1,94,96,3.47,RU,1675452626
390,jalu,29.0331,21.5482,13.86,42,100,1.49,LY,1675452627
391,vilhena,-12.7406,-60.1458,28.12,61,20,3.6,BR,1675452520
392,weymouth,42.2209,-70.9398,-6.88,27,20,12.35,US,1675452462
393,pulivendla,14.4167,78.2333,21.85,72,0,2.32,IN,1675452628
394,arkadak,51.9326,43.4978,-8.86,97,30,2.34,RU,1675452629
395,agadez,19.75,10.25,20.75,16,0,4.05,NE,1675452630
396,wucheng,29.6008,118.175,6.46,94,100,1.11,CN,1675452631
397,bilbor,47.05,25.5167,-4.73,94,99,1.87,RO,1675452632
398,ankazoabo,-22.2833,44.5167,23.91,80,95,2.88,MG,1675452635
399,saint-francois,46.4154,3.9054,4.82,78,100,1.54,FR,1675452635
400,ituverava,-20.3394,-47.7806,24.81,86,100,0.96,BR,1675452636
401,charters towers,-20.1,146.2667,22.77,93,100,2.92,AU,1675452637
402,escarcega,18.6089,-90.7454,28.95,54,5,3.42,MX,1675452637
403,opuwo,-18.0607,13.84,23.51,24,83,2.96,NA,1675452638
404,trinidad,-14.8333,-64.9,23.99,100,100,2.06,BO,1675452638
405,mackay,-21.15,149.2,25.93,89,98,4.14,AU,1675452417
406,kutum,14.2,24.6667,17.31,17,69,3.7,SD,1675452639
407,general roca,-39.0333,-67.5833,34.79,15,4,2.89,AR,1675452640
408,saint-raphael,19.4333,-72.2,24.65,42,9,2.63,HT,1675452641
409,kota belud,6.351,116.4305,23.36,88,100,2.76,MY,1675452642
410,murindo,6.9848,-76.7544,29.52,71,100,0.84,CO,1675452644
411,lethem,3.3803,-59.7968,32.85,42,80,4.42,GY,1675452644
412,hay river,60.8156,-115.7999,-19.02,77,100,2.06,CA,1675452645
413,ouango,4.3133,22.5552,25.23,37,1,0.75,CF,1675452646
414,rexburg,43.826,-111.7897,-5.0,59,0,0.0,US,1675452518
415,ozernovskiy,51.5,156.5167,-6.63,80,100,0.81,RU,1675452647
416,umea,63.8284,20.2597,-13.94,85,0,4.12,SE,1675452648
417,whitley bay,55.0397,-1.4471,9.77,86,40,3.09,GB,1675452648
418,timbo,-26.8233,-49.2717,29.76,84,94,1.11,BR,1675452649
419,lahad datu,5.0268,118.327,22.84,96,70,2.05,MY,1675452649
420,la ronge,55.1001,-105.2842,-14.86,78,100,3.6,CA,1675452468
421,umm kaddadah,13.6017,26.6876,18.2,20,22,5.78,SD,1675452650
422,waingapu,-9.6567,120.2641,24.1,93,100,2.82,ID,1675452651
423,lulea,65.5842,22.1547,-16.96,85,0,4.12,SE,1675452651
424,havoysund,70.9963,24.6622,-4.87,74,99,3.62,NO,1675452653
425,tabory,58.5198,64.5495,-14.89,97,70,1.46,RU,1675452653
426,phek,25.6667,94.5,3.89,83,1,0.53,IN,1675452654
427,cerrito,6.8432,-72.694,20.16,34,6,1.58,CO,1675452654
428,kununurra,-15.7667,128.7333,25.99,89,89,1.54,AU,1675452655
429,dhanwar,24.4167,85.9833,14.0,41,98,3.15,IN,1675452656
430,itoman,26.1247,127.6694,17.01,74,100,2.06,JP,1675452618
431,sept-iles,50.2001,-66.3821,-23.86,74,75,11.32,CA,1675452658
432,petropavlovsk-kamchatskiy,53.0452,158.6483,-8.67,62,75,3.0,RU,1675452659
433,hamilton,39.1834,-84.5333,-2.09,50,40,5.66,US,1675452576
434,listvyanka,51.8535,104.8693,-17.32,95,26,1.59,RU,1675452660
435,chornukhy,50.2673,32.942,-1.29,90,100,1.85,UA,1675452660
436,zhuhai,22.2769,113.5678,19.36,82,40,4.12,CN,1675452661
437,iskateley,67.6803,53.1512,-12.13,96,80,4.74,RU,1675452662
438,porto walter,-8.2686,-72.7439,24.54,81,100,1.28,BR,1675452548
439,kangavar,34.5043,47.9653,-2.45,72,3,0.6,IR,1675452663
440,ardabil,38.2498,48.2933,-2.25,64,20,2.06,IR,1675452664
441,bata,1.8639,9.7658,27.12,81,24,3.19,GQ,1675452666
442,faanui,-16.4833,-151.75,27.37,76,14,7.61,PF,1675452667
443,turan,16.0678,108.2208,23.99,88,75,0.0,VN,1675452668
444,waddan,29.1614,16.139,13.12,43,100,4.4,LY,1675452669
445,pevek,69.7008,170.3133,-30.83,99,19,1.03,RU,1675452670
446,berlevag,70.8578,29.0864,-4.11,62,100,6.08,NO,1675452670
447,boysun,38.2061,67.1986,1.68,72,6,1.91,UZ,1675452671
448,kirakira,-10.4544,161.9205,26.64,84,63,1.86,SB,1675452672
449,dunda,-8.1167,34.25,18.9,93,100,0.4,TZ,1675452673
450,fortuna,40.5982,-124.1573,14.81,72,75,7.72,US,1675452673
451,kulim,5.365,100.5618,25.31,94,65,1.52,MY,1675452675
452,libreville,0.3925,9.4537,28.01,74,20,2.57,GA,1675452676
453,kamaishi,39.2667,141.8833,-2.82,71,78,2.05,JP,1675452677
454,merauke,-8.4667,140.3333,25.66,89,100,4.73,ID,1675452678
455,mikhaylovka,50.06,43.2379,-7.12,98,92,1.68,RU,1675452681
456,provideniya,64.3833,-173.3,-21.21,90,61,4.89,RU,1675452682
457,guerrero negro,27.9769,-114.0611,20.46,32,100,2.85,MX,1675452683
458,roebourne,-20.7833,117.1333,29.76,60,49,2.29,AU,1675452684
459,fundao,-19.9341,-40.4047,29.74,62,0,2.08,BR,1675452685
460,pak phanang,8.3511,100.202,25.28,86,19,4.85,TH,1675452686
461,liku,-0.7275,119.8922,23.16,91,100,0.46,ID,1675452691
462,filingue,14.3521,3.3168,28.2,13,99,3.23,NE,1675452691
463,plymouth,41.8334,-70.8328,-5.93,29,0,10.8,US,1675452563
464,majene,-3.5403,118.9707,24.8,85,100,2.6,ID,1675452700
465,kot samaba,28.5522,70.4684,17.43,27,6,1.16,PK,1675452701
466,lavrentiya,65.5833,-171.0,-26.98,94,19,3.53,RU,1675452701
467,boueni,-12.9025,45.0761,26.99,78,67,2.21,YT,1675452702
468,pandan,14.0453,124.1694,25.3,79,88,7.53,PH,1675452703
469,chapais,49.7834,-74.8492,-33.12,83,100,6.54,CA,1675452703
470,necochea,-38.5473,-58.7368,22.62,51,0,6.41,AR,1675452704
471,rundu,-17.9333,19.7667,19.96,92,100,1.8,NA,1675452705
472,heze,35.2431,115.4411,0.17,69,16,0.96,CN,1675452706
473,shishou,29.7226,112.419,5.26,65,100,2.79,CN,1675452706
474,smidovich,48.6,133.8167,-31.01,100,82,0.46,RU,1675452707
475,acapulco,16.8634,-99.8901,28.9,65,0,5.14,MX,1675452449
476,tanout,14.9709,8.8879,24.06,17,56,4.47,NE,1675452708
477,pimentel,-6.8367,-79.9342,28.16,57,0,6.17,PE,1675452709
478,kletskaya,49.3145,43.0584,-2.67,92,94,2.59,RU,1675452710
479,haines junction,60.7522,-137.5108,-17.03,78,100,0.51,CA,1675452710
480,vanavara,60.34,102.2797,-25.93,100,78,1.43,RU,1675452711
481,constitucion,-35.3333,-72.4167,20.33,70,14,3.65,CL,1675452656
482,mill valley,37.906,-122.545,12.1,89,100,3.13,US,1675452713
483,urumqi,43.801,87.6005,-10.47,73,88,2.0,CN,1675452714
484,baykit,61.67,96.37,-23.39,100,95,1.23,RU,1675452715
485,baturaja,-4.1333,104.1667,23.32,98,100,0.74,ID,1675452716
486,talnakh,69.4865,88.3972,-9.33,96,100,2.47,RU,1675452717
487,suoyarvi,62.0833,32.35,-8.2,96,100,2.65,RU,1675452717
488,rio gallegos,-51.6226,-69.2181,27.03,29,75,12.86,AR,1675452450
489,kavaratti,10.5669,72.642,27.38,66,99,2.39,IN,1675452718
490,mount gambier,-37.8333,140.7667,13.32,84,75,4.11,AU,1675452605
491,wanaka,-44.7,169.15,18.95,84,3,1.34,NZ,1675452720
492,coihaique,-45.5752,-72.0662,28.97,28,20,2.57,CL,1675452720
493,virginia beach,36.8529,-75.978,6.03,58,100,7.72,US,1675452721
494,mooresville,35.5849,-80.8101,10.18,35,11,1.34,US,1675452637
495,pemberton,50.3164,-122.8027,7.05,91,100,0.63,CA,1675452723
496,nuuk,64.1835,-51.7216,-10.66,85,100,4.12,GL,1675452723
497,payo,-3.7508,103.6372,22.96,94,100,0.18,ID,1675452724
498,kota bahru,6.1333,102.2386,25.97,89,40,4.12,MY,1675452724
499,poum,-20.2333,164.0167,27.3,78,52,3.68,NC,1675452725
500,arlit,18.7369,7.3853,25.04,15,53,2.84,NE,1675452726
501,soyo,-6.1349,12.3689,27.42,84,95,4.96,AO,1675452726
502,aswan,24.0934,32.907,17.61,25,0,2.57,EG,1675452728
503,flinders,-34.5833,150.8552,16.77,59,0,2.68,AU,1675452729
504,mount pleasant,32.7941,-79.8626,14.49,75,0,3.6,US,1675452706
505,mariental,-24.6333,17.9667,30.13,32,98,2.82,NA,1675452731
506,camacupa,-12.0167,17.4833,18.0,91,100,1.77,AO,1675452732
507,santander,43.4647,-3.8044,9.14,80,0,2.68,ES,1675452446
508,ambatondrazaka,-17.8333,48.4167,19.32,96,90,1.58,MG,1675452734
509,ontario,34.0633,-117.6509,20.79,31,75,2.06,US,1675452644
510,dawei,14.0833,98.2,22.59,80,39,1.58,MM,1675452658
511,bonavista,48.6499,-53.1147,-0.56,96,100,18.25,CA,1675452736
512,batan,10.0844,-83.341,28.9,58,40,3.21,CR,1675452737
513,bintulu,3.1667,113.0333,24.23,94,40,0.51,MY,1675452738
514,ust-kuyga,70.0167,135.6,-39.73,100,99,0.37,RU,1675452738
515,mahibadhoo,3.7833,72.9667,26.62,70,80,5.21,MV,1675452740
516,sao filipe,14.8961,-24.4956,22.65,67,84,4.88,CV,1675452742
517,perth,-31.9333,115.8333,27.1,32,0,8.75,AU,1675452743
518,egvekinot,66.3167,-179.1667,-27.9,86,5,6.79,RU,1675452743
519,pyaozerskiy,65.8333,31.1667,-15.95,99,96,1.81,RU,1675452744
520,kathua,32.3667,75.5167,13.34,60,99,1.07,IN,1675452744
521,college,64.8569,-147.8028,-13.03,85,100,0.0,US,1675452745
522,changji,44.0167,87.3167,-8.56,73,89,2.0,CN,1675452746
523,zyryanka,65.75,150.85,-30.21,99,100,1.48,RU,1675452747
524,vila velha,-20.3297,-40.2925,29.97,66,0,7.72,BR,1675452516
525,praya,14.9215,-23.5087,23.3,64,20,8.23,CV,1675452750
526,galgamacsa,47.6956,19.3872,5.55,77,100,9.73,HU,1675452751
527,diffa,13.3154,12.6113,24.74,13,100,3.82,NE,1675452751
528,andenes,69.3143,16.1194,-3.93,68,0,6.69,NO,1675452753
529,tomatlan,19.9333,-105.25,32.93,29,0,4.24,MX,1675452755
530,bandar-e anzali,37.4727,49.4622,8.06,79,58,2.55,IR,1675452759
531,ivanivka,46.7208,34.553,1.87,86,86,3.55,UA,1675452760
532,talcahuano,-36.7167,-73.1167,18.82,68,33,6.69,CL,1675452691
533,tafresh,34.692,50.013,-3.94,74,1,2.74,IR,1675452761
534,huarmey,-10.0681,-78.1522,24.42,75,96,4.71,PE,1675452620
535,yudong,29.385,106.5194,12.5,70,96,1.4,CN,1675452762
536,rockport,28.0206,-97.0544,13.89,100,100,4.12,US,1675452569
537,mana,5.6592,-53.7767,26.66,76,64,5.28,GF,1675452764
538,aykhal,66.0,111.5,-31.55,100,95,2.0,RU,1675452764
539,los llanos de aridane,28.6585,-17.9182,15.86,74,20,1.79,ES,1675452765
540,minab,27.1467,57.0801,20.09,81,0,0.74,IR,1675452766
541,tabligbo,6.5833,1.5,27.28,79,12,3.88,TG,1675452766
542,trelleborg,55.3751,13.1569,1.97,80,100,9.79,SE,1675452767
543,aripuana,-9.1667,-60.6333,26.71,88,100,0.7,BR,1675452768
544,mecca,21.4267,39.8261,20.72,43,1,3.02,SA,1675452768
545,pueblo,38.2545,-104.6091,17.13,10,0,5.14,US,1675452535
546,buraydah,26.326,43.975,12.25,38,0,4.22,SA,1675452769
547,senneterre,48.3835,-77.2328,-29.91,80,100,5.35,CA,1675452770
548,la paz,-16.5,-68.15,14.99,58,75,5.66,BO,1675452771
549,tuensang,26.2833,94.8333,12.47,70,0,1.4,IN,1675452771
550,urucara,-2.5364,-57.76,29.18,71,72,1.51,BR,1675452773
551,along,28.1667,94.7667,11.94,58,28,0.77,IN,1675452773
552,bunia,1.5667,30.25,20.66,36,65,1.15,CD,1675452774
553,mindelo,16.8901,-24.9804,22.75,60,75,10.8,CV,1675452775
554,alice springs,-23.7,133.8833,13.75,88,0,2.06,AU,1675452776
555,bryan,30.6744,-96.37,10.98,67,40,2.57,US,1675452514
556,venado tuerto,-33.7456,-61.9688,27.65,35,31,7.56,AR,1675452777
557,gat,31.61,34.7642,11.89,100,20,1.98,IL,1675452543
558,damulog,7.4836,124.9431,20.05,86,99,1.8,PH,1675452778
559,gejiu,23.306,103.1635,6.24,91,52,0.95,CN,1675452779
560,bastia,42.6667,9.3333,12.39,90,0,1.54,FR,1675452779
561,la rioja,42.25,-2.5,1.88,54,0,2.97,ES,1675452780
562,trat,12.5,102.5,26.6,93,65,0.91,TH,1675452781
563,brenham,30.1669,-96.3977,10.95,76,100,3.09,US,1675452782
564,gaoyou,32.7858,119.4278,1.58,72,0,2.42,CN,1675452782
565,mao,39.8885,4.2658,7.31,87,0,1.03,ES,1675452752
566,mandan,46.8267,-100.8896,-10.35,76,0,8.23,US,1675452783
567,pangnirtung,66.1451,-65.7125,-35.0,75,40,2.06,CA,1675452571
568,miquelon,47.0975,-56.3814,3.0,95,100,16.45,PM,1675452785
569,carutapera,-1.195,-46.02,26.99,79,17,4.1,BR,1675452786
570,jidong,45.2167,131.0833,-17.86,93,97,1.59,CN,1675452787
571,eureka,40.8021,-124.1637,14.96,63,100,4.02,US,1675452632
572,prainha,-1.8,-53.48,28.91,65,60,2.13,BR,1675452789
573,waipawa,-41.4122,175.5153,20.87,77,5,3.44,NZ,1675452790
574,bairiki,1.3292,172.9752,27.0,78,20,4.63,KI,1675452791
575,nueva guinea,11.6876,-84.4562,26.79,67,43,6.06,NI,1675452793
576,korla,41.7597,86.1469,-4.03,65,46,0.82,CN,1675452859
577,chandia,23.65,80.7,13.63,33,35,0.74,IN,1675452860
578,dzhalil,55.0239,52.7358,-11.6,90,100,2.04,RU,1675452862
579,turayf,31.6725,38.6637,6.14,61,0,3.09,SA,1675452863
580,santiago del estero,-27.7951,-64.2615,30.88,39,97,4.82,AR,1675452864
581,omboue,-1.5746,9.2618,26.79,86,18,2.97,GA,1675452764
582,tandil,-37.3217,-59.1332,25.38,33,31,5.3,AR,1675452601
583,ambanja,-13.6833,48.45,24.3,92,86,0.94,MG,1675452866
584,sala consilina,40.3912,15.5989,4.43,87,29,2.56,IT,1675452867
585,catamarca,-28.4696,-65.7852,31.54,35,37,3.58,AR,1675452867
586,ceres,37.5949,-120.9577,14.33,74,100,2.06,US,1675452868
587,guadalupe y calvo,26.1,-106.9667,17.39,20,11,1.8,MX,1675452869
588,kon tum,14.35,108.0,17.34,97,27,1.26,VN,1675452869
589,sandpoint,48.2766,-116.5533,2.59,77,40,2.06,US,1675452634
590,batsfjord,70.6345,29.7185,-1.04,93,75,6.17,NO,1675452872
591,moose factory,51.2585,-80.6094,-29.0,57,100,6.69,CA,1675452872
